Processor,Manufacturer,Family,Model,Cores,base_clock_speed,TDP,num_cores,Source,
AMD EPYC 7302 32C 3GHz,AMD,EPYC,7302,32C,3GHz,155,16,MLCA/Boavizta,
AMD EPYC 7313 16C 3GHz,AMD,EPYC,7313,16C,3GHz,155,16,MLCA/Boavizta,
EPYC 7352 24C 2.3GHz,AMD,EPYC,7352,24C,2.3GHz,155,24,MLCA/Boavizta,
AMD EPYC 7402 24C 2.8GHz,AMD,EPYC,7402,24C,2.8GHz,180,24,MLCA/Boavizta,
AMD EPYC 7413 24C 2.65GHz,AMD,EPYC,7413,24C,2.65GHz,180,24,MLCA/Boavizta,
AMD EPYC 7452 32C 2.35GHz,AMD,EPYC,7452,32C,2.35GHz,155,32,MLCA/Boavizta,
AMD Epyc 7501 32C 2GHz,AMD,Epyc,7501,32C,2GHz,170,32,MLCA/Boavizta,
AMD EPYC 7513 32C 2.6GHz,AMD,EPYC,7513,32C,2.6GHz,200,32,MLCA/Boavizta,
AMD EPYC 7532 32C 2.4GHz,AMD,EPYC,7532,32C,2.4GHz,200,32,MLCA/Boavizta,
AMD EPYC 7542 32C 2.9GHz,AMD,EPYC,7542,32C,2.9GHz,225,32,MLCA/Boavizta,
AMD  EPYC 7543 32C 2.8GHz,AMD,EPYC,7543,32C,2.8GHz,225,32,MLCA/Boavizta,
AMD Epyc 7601 32C 2.2GHz,AMD,Epyc,7601,32C,2.2GHz,180,32,MLCA/Boavizta,
AMD EPYC 7643 48C 2.3GHz,AMD,EPYC,7643,48C,2.3GHz,225,48,MLCA/Boavizta,
AMD EPYC 7662 64C 2GHz,AMD,EPYC,7662,64C,2GHz,225,64,MLCA/Boavizta,
AMD EPYC 7702 64C 2GHz,AMD,EPYC,7702,64C,2GHz,200,64,MLCA/Boavizta,
AMD EPYC 7713 64C 2GHz,AMD,EPYC,7713,64C,2GHz,225,64,MLCA/Boavizta,
AMD EPYC 7713 64C 3.7GHz,AMD,EPYC,7713,64C,3.7GHz,225,64,MLCA/Boavizta,
AMD EPYC 7742 64C 2.25GHz,AMD,EPYC,7742,64C,2.25GHz,225,64,MLCA/Boavizta,
AMD EPYC 7763 64C 2.45GHz,AMD,EPYC,7763,64C,2.45GHz,280,64,MLCA/Boavizta,
AMD EPYC 9334 32C 2.7GHz,AMD,EPYC,9334,32C,2.7GHz,210,32,https://www.amd.com/en/products/processors/server/epyc/4th-generation-9004-and-8004-series.html,
AMD EPYC 9334 32C 3GHz,AMD,EPYC,9334,32C,3GHz,210,32,https://www.amd.com/en/products/processors/server/epyc/4th-generation-9004-and-8004-series.html,
AMD EPYC 9354 32C 3.25GHz,AMD,EPYC,9354,32C,3.25GHz,280,32,https://www.amd.com/en/products/processors/server/epyc/4th-generation-9004-and-8004-series.html,
AMD EPYC 9454 48C 2.75GHz,AMD,EPYC,9454,48C,2.75GHz,290,48,https://www.amd.com/en/products/processors/server/epyc/4th-generation-9004-and-8004-series.html,
AMD EPYC 9454 48C 3.65GHz,AMD,EPYC,9454,48C,3.65GHz,290,48,https://www.amd.com/en/products/processors/server/epyc/4th-generation-9004-and-8004-series.html,
AMD EPYC 9534 64C 2.45GHz,AMD,EPYC,9534,64C,2.45GHz,280,64,https://www.amd.com/en/products/processors/server/epyc/4th-generation-9004-and-8004-series.html,
AMD EPYC 9554 64C 3.1GHz,AMD,EPYC,9554,64C,3.1GHz,360,64,https://www.amd.com/en/products/processors/server/epyc/4th-generation-9004-and-8004-series.html,
AMD EPYC 9654 96C 2.4GHz,AMD,EPYC,9654,96C,2.4GHz,360,96,https://www.amd.com/en/products/processors/server/epyc/4th-generation-9004-and-8004-series.html,
AMD EPYC 9654 96C 3.55GHz,AMD,EPYC,9654,96C,3.55GHz,360,96,https://www.amd.com/en/products/processors/server/epyc/4th-generation-9004-and-8004-series.html,
AMD EPYC 74F3 24C 3.2GHz,AMD,EPYC,74F3,24C,3.2GHz,240,24,AMD site,
AMD  EPYC 7702P 64C 1.5GHz,AMD,EPYC,7702P,64C,1.5GHz,200,64,AMD site,
AMD EPYC 7F52 16C 3.5GHz,AMD,EPYC,7F52,16C,3.5GHz,155,16,AMD site,
AMD EPYC 7H12 64C 2.6GHz,AMD,EPYC,7H12,64C,2.6GHz,280,64,AMD site,
AMD Rome 7H12 64C 2.6GHz,AMD,EPYC,7H12,64C,2.6GHz,280,64,AMD site,
AMD EPYC 7V12 48C 2.45GHz,AMD,EPYC,7V12,48C,2.45GHz,240,64,AMD site,
AMD 4th Gen EPYC 24C 1.8GHz,AMD,EPYC,8324P,24C,1.8GHz,180,24,AMD site,
AMD Optimized 3rd Generation EPYC 64C 2GHz,AMD,EPYC,7773X,64C,2GHz,280,64,AMD site,
Cavium ThunderX2 CN9975-2000  28C 2GHz,Cavium,ThunderX2,CN9975-2000,28C,2GHz,180,28,AMD site,
A64FX 48C 2.2GHz,Fujitsu,,A64FX,48C,2.2GHz,150,48,Estimate based on similar models,
Fujitsu A64FX 48C 2GHz,Fujitsu,,A64FX,48C,2GHz,150,48,Estimate based on similar models,
Grace Hopper Superchip 72C 3GHz,Grace,Hopper,Superchip,72C,3GHz,450,72,chrome-extension://efaidnbmnnnibpcajpcglclefindmkaj/https://www.aspsys.com/wp-content/uploads/2023/09/nvidia-grace-hopper-cpu-datasheet.pdf,
NVIDIA Grace 72C 3.1GHz,Grace,Hopper,,72C,3.1GHz,200,72,chrome-extension://efaidnbmnnnibpcajpcglclefindmkaj/https://www.aspsys.com/wp-content/uploads/2023/09/nvidia-grace-hopper-cpu-datasheet.pdf,
Hygon Dhyana 32C 2GHz,Hygon,EPYC,7501,32C,2GHz,170,32,https://www.anandtech.com/show/15493/hygon-dhyana-reviewed-chinese-x86-cpus-amd/2,
Hygon Dhyana (Epyc 7501) 32C 2GHz,Hygon,EPYC,7501,32C,2GHz,170,32,https://www.anandtech.com/show/15493/hygon-dhyana-reviewed-chinese-x86-cpus-amd/2,
IBM Power8+ 10C 2.86GHz,IBM,Power8+,,10C,2.86GHz,140,10,chrome-extension://efaidnbmnnnibpcajpcglclefindmkaj/https://wiki.raptorcs.com/w/images/9/93/POWER8_DS_v2.4_08AUG2018_pub.pdf,
IBM Power8+ 8C 3.26GHz,IBM,Power8+,,8C,3.26GHz,130,8,Estimate based on aggregated sources,
IBM POWER9 16C 3GHz,IBM,POWER9,,16C,3GHz,180,16,Estimate based on aggregated sources,
IBM POWER9 18C 3.45GHz,IBM,POWER9,,18C,3.45GHz,180,18,Estimate based on aggregated sources,
IBM POWER9  20C 2.4GHz,IBM,POWER9,,20C,2.4GHz,150,20,Estimate based on aggregated sources,
IBM POWER9 20C 3.45GHz,IBM,POWER9,,20C,3.45GHz,200,20,Estimate based on aggregated sources,
IBM POWER9 20C 3.6GHz,IBM,POWER9,,20C,3.6GHz,200,20,Estimate based on aggregated sources,
IBM POWER9 22C 3.07GHz,IBM,POWER9,,22C,3.07GHz,300,22,Estimate based on aggregated sources,
IBM POWER9 22C 3.1GHz,IBM,POWER9,,22C,3.1GHz,300,22,Estimate based on aggregated sources,
Itanium 2 Montecito 2C 1.600GHz,Intel,Itanium 2,Montecito,2C,1.600GHz,122,2,Estimate based on aggregated sources,
Marvell ThunderX2 CN9975-2000  28C 2GHz,Marvell ,ThunderX2,CN9975-2000,28C,2GHz,180,28,https://www.anandtech.com/show/12694/assessing-cavium-thunderx2-arm-server-reality/2,
NEC  3.200GHz,NEC,Vector Engine,SX-9/E,,3.200GHz,60,1,chrome-extension://efaidnbmnnnibpcajpcglclefindmkaj/https://www.nec.com/en/global/solutions/hpc/sx/docs/SX_Aurora_TSUBASA_brochure_2020_oct.pdf,
Opteron Dual Core 2C 2.200GHz,Opteron,Dual,Core,2C,2.200GHz,95,2,TechPowerUP,
Opteron Dual Core 2C 2.400GHz,Opteron,Dual,Core,2C,2.400GHz,95,2,TechPowerUP,
Opteron Quad Core 4C 1.900GHz,Opteron,Quad,Core,4C,1.900GHz,95,4,TechPowerUP,
Opteron Quad Core 4C 1.9GHz,Opteron,Quad,Core,4C,1.9GHz,95,4,TechPowerUP,
Opteron Quad Core 4C 2.000GHz,Opteron,Quad,Core,4C,2.000GHz,95,4,TechPowerUP,
Opteron Quad Core 4C 2.200GHz,Opteron,Quad,Core,4C,2.200GHz,95,4,TechPowerUP,
Opteron Quad Core 4C 2.300GHz,Opteron,Quad,Core,4C,2.300GHz,95,4,TechPowerUP,
Opteron Quad Core 4C 2.400GHz,Opteron,Quad,Core,4C,2.400GHz,119,4,TechPowerUP,
Opteron Quad Core 4C 2.4GHz,Opteron,Quad,Core,4C,2.4GHz,119,4,TechPowerUP,
Opteron Six Core 6C 2.600GHz,Opteron,Six,Core,6C,2.600GHz,95,6,TechPowerUP,
Opteron 4171 6C 2.100GHz,Opteron,,4171,6C,2.100GHz,50,6,https://en.wikipedia.org/wiki/List_of_AMD_Opteron_processors,
Opteron 4171 6C 2.1GHz,Opteron,,4171,6C,2.1GHz,50,6,https://en.wikipedia.org/wiki/List_of_AMD_Opteron_processors,
Opteron 6128 8C 2.000GHz,Opteron,,6128,8C,2.000GHz,115,8,https://en.wikipedia.org/wiki/List_of_AMD_Opteron_processors,
Opteron 6132 HE 8C 2.200GHz,Opteron,,6132HE,8C,2.200GHz,85,5,https://en.wikipedia.org/wiki/List_of_AMD_Opteron_processors,
Opteron 6132 HE 8C 2.2GHz,Opteron,,6132HE,8C,2.2GHz,85,8,https://en.wikipedia.org/wiki/List_of_AMD_Opteron_processors,
Opteron 6134 8C 2.300GHz,Opteron,,6134,8C,2.300GHz,115,8,https://en.wikipedia.org/wiki/List_of_AMD_Opteron_processors,
Opteron 6136 8C 2.400GHz,Opteron,,6136,8C,2.400GHz,115,8,https://en.wikipedia.org/wiki/List_of_AMD_Opteron_processors,
Opteron 6136 8C 2.4GHz,Opteron,,6136,8C,2.4GHz,115,8,https://en.wikipedia.org/wiki/List_of_AMD_Opteron_processors,
Opteron 6140 8C 2.600GHz,Opteron,,6140,8C,2.600GHz,115,8,https://en.wikipedia.org/wiki/List_of_AMD_Opteron_processors,
Opteron 6172 12C 2.100GHz,Opteron,,6172,12C,2.100GHz,115,12,https://en.wikipedia.org/wiki/List_of_AMD_Opteron_processors,
Opteron 6172 12C 2.1GHz,Opteron,,6172,12C,2.1GHz,115,12,https://en.wikipedia.org/wiki/List_of_AMD_Opteron_processors,
Opteron 6174 12C 2.200GHz,Opteron,,6174,12C,2.200GHz,115,12,https://en.wikipedia.org/wiki/List_of_AMD_Opteron_processors,
Opteron 6174 12C 2.2GHz,Opteron,,6174,12C,2.2GHz,115,12,https://en.wikipedia.org/wiki/List_of_AMD_Opteron_processors,
Opteron 6176 12C 2.300GHz,Opteron,,6176,12C,2.300GHz,115,12,https://en.wikipedia.org/wiki/List_of_AMD_Opteron_processors,
Opteron 6176 12C 2.3GHz,Opteron,,6176,12C,2.3GHz,115,12,https://en.wikipedia.org/wiki/List_of_AMD_Opteron_processors,
Opteron 6234  12C 2.400GHz,Opteron,,6234,12C,2.400GHz,115,12,https://en.wikipedia.org/wiki/List_of_AMD_Opteron_processors,
Opteron 6238 12C 2.600GHz,Opteron,,6238,12C,2.600GHz,115,12,https://en.wikipedia.org/wiki/List_of_AMD_Opteron_processors,
Opteron 6272 16C 2.100GHz,Opteron,,6272,16C,2.100GHz,115,16,https://en.wikipedia.org/wiki/List_of_AMD_Opteron_processors,
Opteron 6272 16C 2.1GHz,Opteron,,6272,16C,2.1GHz,115,16,https://en.wikipedia.org/wiki/List_of_AMD_Opteron_processors,
Opteron 6274 16C 2.200GHz,Opteron,,6274,16C,2.200GHz,115,16,https://en.wikipedia.org/wiki/List_of_AMD_Opteron_processors,
Opteron 6274 16C 2.2GHz,Opteron,,6274,16C,2.2GHz,115,16,https://en.wikipedia.org/wiki/List_of_AMD_Opteron_processors,
Opteron 6276 16C 2.300GHz,Opteron,,6276,16C,2.300GHz,115,16,https://en.wikipedia.org/wiki/List_of_AMD_Opteron_processors,
Opteron 6276 16C 2.3GHz,Opteron,,6276,16C,2.3GHz,115,16,https://en.wikipedia.org/wiki/List_of_AMD_Opteron_processors,
Opteron 6278 16C 2.400GHz,Opteron,,6278,16C,2.400GHz,115,16,https://en.wikipedia.org/wiki/List_of_AMD_Opteron_processors,
Opteron 6344 12C 2.6GHz,Opteron,,6344,12C,2.6GHz,115,12,https://en.wikipedia.org/wiki/List_of_AMD_Opteron_processors,
Opteron 6348 12C 2.800GHz,Opteron,,6348,12C,2.800GHz,115,12,https://en.wikipedia.org/wiki/List_of_AMD_Opteron_processors,
Opteron 6348 12C 2.8GHz,Opteron,,6348,12C,2.8GHz,115,12,https://en.wikipedia.org/wiki/List_of_AMD_Opteron_processors,
Opteron 6376 16C 2.3GHz,Opteron,,6376,16C,2.3GHz,115,16,https://en.wikipedia.org/wiki/List_of_AMD_Opteron_processors,
Opteron 6378 16C 2.400GHz,Opteron,,6378,16C,2.400GHz,115,16,https://en.wikipedia.org/wiki/List_of_AMD_Opteron_processors,
Opteron O-6376 16C 2.3GHz,Opteron,,O-6376,16C,2.3GHz,115,16,https://en.wikipedia.org/wiki/List_of_AMD_Opteron_processors,
Opteron 16C 2.500GHz,Opteron,,,16C,2.500GHz,115,16,https://en.wikipedia.org/wiki/List_of_AMD_Opteron_processors,
Opteron 16C 2.5GHz,Opteron,,,16C,2.5GHz,115,16,https://en.wikipedia.org/wiki/List_of_AMD_Opteron_processors,
Power BQC 16C 1.600GHz,Power,BQC,,16C,1.600GHz,200,16,"Custom Chip, estimate values",
Power BQC 16C 1.6GHz,Power,BQC,,16C,1.6GHz,200,16,"Custom Chip, estimate values",
POWER6 2C 4.700GHz,POWER6,,,2C,4.700GHz,160,2,Intel site,
POWER7  8C 3.55GHz,POWER7,,,8C,3.55GHz,200,8,http://cpudb.stanford.edu/manufacturers/7/processor_families/64.html,
POWER7 8C 3.300GHz,POWER7,,,8C,3.300GHz,200,8,http://cpudb.stanford.edu/manufacturers/7/processor_families/64.html,
POWER7 8C 3.55GHz,POWER7,,,8C,3.55GHz,200,8,http://cpudb.stanford.edu/manufacturers/7/processor_families/64.html,
POWER7 8C 3.836GHz,POWER7,,,8C,3.836GHz,200,8,http://cpudb.stanford.edu/manufacturers/7/processor_families/64.html,
POWER7 8C 3.84GHz,POWER7,,,8C,3.84GHz,200,8,http://cpudb.stanford.edu/manufacturers/7/processor_families/64.html,
PowerPC 440 2C 700MHz,PowerPC,,440,2C,700MHz,5,2,https://en.wikipedia.org/wiki/List_of_PowerPC_processors,
PowerPC 450 4C 850MHz,PowerPC,,450,4C,850MHz,15,4,https://en.wikipedia.org/wiki/List_of_PowerPC_processors,
PowerPC 970 2C 2.300GHz,PowerPC,,970,2C,2.300GHz,11,2,https://en.wikipedia.org/wiki/List_of_PowerPC_processors,
PowerXCell 8i 9C 3.200GHz,PowerXCell,,8i,9C,3.200GHz,65,9,chrome-extension://efaidnbmnnnibpcajpcglclefindmkaj/http://www.ena-hpc.org/2010/talks/EnA-HPC2010-Pleiter-QPACE_Power-efficient_parallel_architecture_based_on_IBM_PowerXCell_8i.pdf,
ShenWei processor SW1600 16C 975MHz,ShenWei,processor,SW1600,16C,975MHz,130,16,Estimate based on aggregated sources,
SPARC64 IXfx 16C 1.848GHz,SPARC64,IXfx,,16C,1.848GHz,115,16,https://www.fujitsu.com/jp/products/computing/servers/supercomputer/primehpc-fx10/hardware/,
SPARC64 IXfx 16C 1.85GHz,SPARC64,IXfx,,16C,1.85GHz,115,16,https://www.fujitsu.com/jp/products/computing/servers/supercomputer/primehpc-fx10/hardware/,
SPARC64 VII 4C 2.500GHz,SPARC64,VII,,4C,2.500GHz,135,4,chrome-extension://efaidnbmnnnibpcajpcglclefindmkaj/https://www.fujitsu.com/global/Images/sparc64vii-wpe.pdf,
SPARC64 VIIIfx 8C 2.000GHz,SPARC64,VIIIfx,,8C,2.000GHz,58,8,chrome-extension://efaidnbmnnnibpcajpcglclefindmkaj/https://www.fujitsu.com/global/documents/about/resources/publications/fstj/archives/vol48-3/paper04.pdf,
SPARC64 VIIIfx 8C 2GHz,SPARC64,VIIIfx,,8C,2GHz,58,8,chrome-extension://efaidnbmnnnibpcajpcglclefindmkaj/https://www.fujitsu.com/global/documents/about/resources/publications/fstj/archives/vol48-3/paper04.pdf,
SPARC64 XIfx  32C 1.98GHz,SPARC64,XIfx,,32C,1.98GHz,115,32,Estimate based on aggregated sources,
SPARC64 XIfx 32C 2.2GHz,SPARC64,XIfx,,32C,2.2GHz,115,32,Estimate based on aggregated sources,
Sunway SW26010 260C 1.45GHz,Sunway,SW26010,,260C,1.45GHz,235,260,Estimate based on aggregated sources,
Vector Engine Type10AE 8C 1.58GHz,Vector Engine,Type,10AE,8C,1.58GHz,300,8,Estimate based on aggregated sources,
Vector Engine Type20B 8C 1.6GHz,Vector Engine,Type,20B,8C,1.6GHz,300,8,chrome-extension://efaidnbmnnnibpcajpcglclefindmkaj/https://devcal.obspm.fr/attachments/NEC_SX-Aurora_TSUBASA_2021_obspm.pdf,
Vector Engine Type 30A 16C 1.6GHz,Vector Engine,Type,30A,16C,1.6GHz,300,16,Estimate based on aggregated sources,
Xeon Max 9462 32C 2.7GHz,Xeon,CPU Max,9462,32C,2.7GHz,350,32,http://cpudb.stanford.edu/index.html,
Xeon CPU Max 9470 52C 2.4GHz,Xeon,CPU Max,9470,52C,2.4GHz,350,52,http://cpudb.stanford.edu/index.html,
Xeon CPU Max 9480 56C 1.9GHz,Xeon,CPU Max,9480,56C,1.9GHz,350,56,http://cpudb.stanford.edu/index.html,
Xeon Gold 5117 14C 2GHz,Xeon,Gold,5117,14C,2GHz,105,14,Intel site,
Xeon Gold 5118 12C 2.3GHz,Xeon,Gold,5118,12C,2.3GHz,105,12,Intel site,
Xeon Gold 5120 14C 2.2GHz,Xeon,Gold,5120,14C,2.2GHz,105,14,Intel site,
Xeon Gold 5122 4C 3.6GHz,Xeon,Gold,5122,4C,3.6GHz,105,4,Intel site,
Xeon Gold 5218 16C 2.3GHz,Xeon,Gold,5218,16C,2.3GHz,125,16,Intel site,
Xeon Gold 6126 12C 2.6GHz,Xeon,Gold,6126,12C,2.6GHz,125,12,Intel site,
Xeon Gold 6130 16C 2.1GHz,Xeon,Gold,6130,16C,2.1GHz,125,16,Intel site,
Xeon Gold 6132 14C 2.6GHz,Xeon,Gold,6132,14C,2.6GHz,140,14,Intel site,
Xeon Gold 6133 20C 2.5GHz,Xeon,Gold,6133,20C,2.5GHz,150,20,Intel site,
Xeon Gold 6138 20C 2GHz,Xeon,Gold,6138,20C,2GHz,125,20,Intel site,
Xeon Gold 6140 18C 2.3GHz,Xeon,Gold,6140,18C,2.3GHz,140,18,Intel site,
Xeon Gold 6142 16C 2.6GHz,Xeon,Gold,6142,16C,2.6GHz,150,16,Intel site,
Xeon Gold 6146 12C 3.2GHz,Xeon,Gold,6146,12C,3.2GHz,165,12,Intel site,
Xeon Gold 6148 20C 2.4GHz,Xeon,Gold,6148,20C,2.4GHz,150,20,Intel site,
Xeon Gold 6150 18C 2.7GHz,Xeon,Gold,6150,18C,2.7GHz,165,18,Intel site,
Xeon Gold 6154 18C 3GHz,Xeon,Gold,6154,18C,3GHz,200,18,Intel site,
Xeon Gold 6226 12C 2.7GHz,Xeon,Gold,6226,12C,2.7GHz,125,12,Intel site,
Xeon Gold 6230 20C 2.1GHz,Xeon,Gold,6230,20C,2.1GHz,125,20,Intel site,
Xeon Gold 6233 24C 2.5GHz,Xeon,Gold,6233,24C,2.5GHz,165,24,Intel site,
Xeon Gold 6238 22C 2.1GHz,Xeon,Gold,6238,22C,2.1GHz,140,22,Intel site,
Xeon Gold 6240 18C 2.6GHz,Xeon,Gold,6240,18C,2.6GHz,150,18,Intel site,
Xeon Gold 6242 16C 2.8GHz,Xeon,Gold,6242,16C,2.8GHz,150,16,Intel site,
Xeon Gold 6248 20C 2.5GHz,Xeon,Gold,6248,20C,2.5GHz,150,20,Intel site,
Xeon Gold 6252 24C 2.1GHz,Xeon,Gold,6252,24C,2.1GHz,150,24,Intel site,
Xeon Gold 6326 16C 2.9GHz,Xeon,Gold,6326,16C,2.9GHz,185,16,Intel site,
Xeon Gold 6142F 16C 2.6GHz,Xeon,Gold,6142F,16C,2.6GHz,160,16,Intel site,
Xeon Gold 6226R 16C 2.9GHz,Xeon,Gold,6226R,16C,2.9GHz,150,16,https://en.wikipedia.org/wiki/List_of_Intel_Xeon_processors_(Cascade_Lake-based),
Xeon Gold 6230R 26C 2.1GHz,Xeon,Gold,6230R,26C,2.1GHz,150,26,https://en.wikipedia.org/wiki/List_of_Intel_Xeon_processors_(Cascade_Lake-based),
Xeon Gold 6242R 20C 3.1GHz,Xeon,Gold,6242R,20C,3.1GHz,205,20,https://en.wikipedia.org/wiki/List_of_Intel_Xeon_processors_(Cascade_Lake-based),
Xeon Gold 6248R 24C 3GHz,Xeon,Gold,6248R,24C,3GHz,205,24,https://en.wikipedia.org/wiki/List_of_Intel_Xeon_processors_(Cascade_Lake-based),
Xeon Gold 6258R 28C 2.7GHz,Xeon,Gold,6258R,28C,2.7GHz,205,28,https://en.wikipedia.org/wiki/List_of_Intel_Xeon_processors_(Cascade_Lake-based),
Xeon Gold 6458Q 32C 3.1GHz,Xeon,Gold,6458Q,32C,3.1GHz,350,32,https://en.wikipedia.org/wiki/List_of_Intel_Xeon_processors_(Cascade_Lake-based),
Xeon Gold 6548Y+ 32C 2.5GHz,Xeon,Gold,6548Y+,32C,2.5GHz,250,32,Intel site,
Xeon Platinum 8160  24C 2.1GHz,Xeon,Platinum,8160,24C,2.1GHz,150,24,Intel site,
Xeon Platinum 8163 24C 2.5GHz,Xeon,Platinum,8163,24C,2.5GHz,165,24,Intel site,
Xeon Platinum 8168 24C 2.7GHz,Xeon,Platinum,8168,24C,2.7GHz,205,24,Intel site,
Xeon Platinum 8174 24C 3.1GHz,Xeon,Platinum,8174,24C,3.1GHz,240,24,Intel site,
Xeon Platinum 8260 24C 2.4GHz,Xeon,Platinum,8260,24C,2.4GHz,165,24,Intel site,
Xeon Platinum 8268 24C 2.9GHz,Xeon,Platinum,8268,24C,2.9GHz,205,24,Intel site,
Xeon Platinum 8274 24C 3.2GHz,Xeon,Platinum,8274,24C,3.2GHz,240,24,Intel site,
Xeon Platinum 8276 28C 2.2GHz,Xeon,Platinum,8276,28C,2.2GHz,165,28,Intel site,
Xeon Platinum 8280 28C 2.7GHz,Xeon,Platinum,8280,28C,2.7GHz,205,28,Intel site,
Xeon Platinum 8358 32C 2.6GHz,Xeon,Platinum,8358,32C,2.6GHz,250,32,Intel site,
Xeon Platinum 8368 38C 2.4GHz,Xeon,Platinum,8368,38C,2.4GHz,270,38,Intel site,
Xeon Platinum 8380 40C 2.3GHz,Xeon,Platinum,8380,40C,2.3GHz,270,40,Intel site,
Xeon Platinum 8468 48C 2.1GHz,Xeon,Platinum,8468,48C,2.1GHz,350,48,Intel site,
Xeon Platinum 8470 52C 2GHz,Xeon,Platinum,8470,52C,2GHz,350,52,Intel site,
Xeon Platinum 8124M 18C 3GHz,Xeon,Platinum,8124M,18C,3GHz,240,18,https://en.wikichip.org/wiki/intel/xeon_platinum/8124m,
Xeon Platinum 8260M 24C 2.4GHz,Xeon,Platinum,8260M,24C,2.4GHz,165,24,Intel site,
Xeon Platinum 8276L 28C 2.2GHz,Xeon,Platinum,8276L,28C,2.2GHz,165,28,Intel site,
Xeon Platinum 8360Y 36C 2.4GHz,Xeon,Platinum,8360Y,36C,2.4GHz,250,36,Intel site,
Xeon Platinum 8368Q 38C 2.6GHz,Xeon,Platinum,8368Q,38C,2.6GHz,270,38,Intel site,
Xeon Platinum 8452Y 36C 2GHz,Xeon,Platinum,8452Y,36C,2GHz,300,36,Intel site,
Xeon Platinum 8460Y+ 32C 2.3GHz,Xeon,Platinum,8460Y+,32C,2.3GHz,300,32,Intel site,
Xeon Platinum 8460Y+ 40C 2GHz,Xeon,Platinum,8460Y+,40C,2GHz,300,40,Intel site,
Xeon Platinum 8470Q 52C 2.1GHz,Xeon,Platinum,8470Q,52C,2.1GHz,350,52,Intel site,
Xeon Platinum 8480+ 56C 2GHz,Xeon,Platinum,8480+,56C,2GHz,350,56,Intel site,
Xeon Platinum 8480C 48C 2GHz,Xeon,Platinum,8480C,48C,2GHz,350,48,Intel site,
Xeon Platinum 8480C 56C 2GHz,Xeon,Platinum,8480C,56C,2GHz,350,56,Intel site,
Xeon Platinum 8480C 56C 3.8GHz,Xeon,Platinum,8480C,56C,3.8GHz,350,56,Intel site,
Xeon Platinum 8480L 56C 2GHz,Xeon,Platinum,8480L,56C,2GHz,350,56,Intel site,
Xeon Platinum 8490H 60C 1.9GHz,Xeon,Platinum,8490H,60C,1.9GHz,350,60,Intel site,
Xeon Platnium 8276L 28C 2.2GHz,Xeon,Platnium,8276L,28C,2.2GHz,165,28,Intel site,
Xeon Silver 4110 8C 2.1GHz,Xeon,Silver,4110,8C,2.1GHz,85,8,Intel site,
Xeon Silver 4114 10C 2.2GHz,Xeon,Silver,4114,10C,2.2GHz,85,10,Intel site,
Xeon Silver 4216 16C 2.1GHz,Xeon,Silver,4216,16C,2.1GHz,100,16,Intel site,
Xeon 6338 32C 2GHz,Xeon,Gold,6338,32C,2GHz,205,32,Intel site,
Xeon D-1571 16C 1.3GHz,Xeon,,D-1571,16C,1.3GHz,45,16,Intel site,
Intel Xeon E3-1230Lv3 4C 1.8GHz,Xeon,,E3-1230Lv3,4C,1.8GHz,25,4,Intel site,
Xeon E3-1280v3 4C 3.6GHz,Xeon,,E3-1280v3,4C,3.6GHz,82,4,Intel site,
Xeon E5-2407 4C 2.2GHz,Xeon,,E5-2407,4C,2.2GHz,80,4,Intel site,
Xeon E5-2407v2 4C 2.4GHz,Xeon,,E5-2407v2,4C,2.4GHz,80,4,Intel site,
Intel Xeon E5-2420v2 6C 2.2GHz,Xeon,,E5-2420v2,6C,2.2GHz,80,6,Intel site,
Xeon E5-2430L 8C 2.000GHz,Xeon,,E5-2430L,8C,2.000GHz,60,8,Intel site,
Xeon E5-2430L 8C 2GHz,Xeon,,E5-2430L,8C,2GHz,60,8,Intel site,
Xeon E5-2450 8C 2.100GHz,Xeon,,E5-2450,8C,2.100GHz,95,8,Intel site,
Xeon E5-2450 8C 2.1GHz,Xeon,,E5-2450,8C,2.1GHz,95,8,Intel site,
Xeon E5-2450L 8C 1.800GHz,Xeon,,E5-2450L,8C,1.800GHz,70,8,Intel site,
Xeon E5-2450L 8C 1.8GHz,Xeon,,E5-2450L,8C,1.8GHz,70,8,Intel site,
Intel Xeon E5-2450v2 8C 2.5GHz,Xeon,,E5-2450v2,8C,2.5GHz,95,8,Intel site,
Xeon E5-2609  4C 2.400GHz,Xeon,,E5-2609,4C,2.400GHz,80,4,Intel site,
Xeon E5-2609  4C 2.4GHz,Xeon,,E5-2609,4C,2.4GHz,80,4,Intel site,
Xeon E5-2609 4C 2.4GHz,Xeon,,E5-2609,4C,2.4GHz,80,4,Intel site,
Intel Xeon E5-2609V2 4C 2.5GHz,Xeon,,E5-2609V2,4C,2.5GHz,80,4,Intel site,
Xeon E5-2609v3 6C 1.9GHz,Xeon,,E5-2609v3,6C,1.9GHz,85,6,Intel site,
Xeon E5-2618Lv3  8C 2.3GHz,Xeon,,E5-2618Lv3,8C,2.3GHz,75,8,Intel site,
Xeon E5-2620 6C 2.000GHz,Xeon,,E5-2620,6C,2.000GHz,95,6,Intel site,
Xeon E5-2620 6C 2GHz,Xeon,,E5-2620,6C,2GHz,95,6,Intel site,
Intel Xeon E5-2620v2 6C 2.100GHz,Xeon,,E5-2620v2,6C,2.100GHz,80,6,Intel site,
Intel Xeon E5-2620v2 6C 2.1GHz,Xeon,,E5-2620v2,6C,2.1GHz,80,6,Intel site,
Xeon E5-2620v3 6C 2.4GHz,Xeon,,E5-2620v3,6C,2.4GHz,85,6,Intel site,
Xeon E5-2620v4 8C 2.1GHz,Xeon,,E5-2620v4,8C,2.1GHz,85,8,Intel site,
Xeon E5-2630 6C 2.300GHz,Xeon,,E5-2630,6C,2.300GHz,95,6,Intel site,
Xeon E5-2630 6C 2.3GHz,Xeon,,E5-2630,6C,2.3GHz,95,6,Intel site,
Xeon E5-2630Lv4 10C 1.8GHz,Xeon,,E5-2630Lv4,10C,1.8GHz,85,10,Intel site,
Intel Xeon E5-2630v2 6C 2.600GHz,Xeon,,E5-2630v2,6C,2.600GHz,80,6,Intel site,
Intel Xeon E5-2630v2 6C 2.6GHz,Xeon,,E5-2630v2,6C,2.6GHz,80,6,Intel site,
Xeon E5-2630v3 8C 2.4GHz,Xeon,,E5-2630v3,8C,2.4GHz,85,8,Intel site,
Xeon E5-2630v4 10C 2.2GHz,Xeon,,E5-2630v4,10C,2.2GHz,85,10,Intel site,
Intel Xeon E5-2637v2 4C 3.5GHz,Xeon,,E5-2637v2,4C,3.5GHz,130,4,Intel site,
Xeon E5-2640 6C 2.500GHz,Xeon,,E5-2640,6C,2.500GHz,95,6,Intel site,
Xeon E5-2640 6C 2.5GHz,Xeon,,E5-2640,6C,2.5GHz,95,6,Intel site,
Intel Xeon E5-2640v2 8C 2GHz,Xeon,,E5-2640v2,8C,2GHz,95,8,Intel site,
Xeon E5-2640v3 8C 2.6GHz,Xeon,,E5-2640v3,8C,2.6GHz,90,8,Intel site,
Xeon E5-2640v4 10C 2.4GHz,Xeon,,E5-2640v4,10C,2.4GHz,90,10,Intel site,
Xeon E5-2643 4C 3.300GHz,Xeon,,E5-2643,4C,3.300GHz,130,4,Intel site,
Xeon E5-2643 4C 3.3GHz,Xeon,,E5-2643,4C,3.3GHz,130,4,Intel site,
Xeon E5-2643v3 6C 3.4GHz,Xeon,,E5-2643v3,6C,3.4GHz,135,6,Intel site,
Xeon E5-2650 8C 2.000GHz,Xeon,,E5-2650,8C,2.000GHz,95,8,Intel site,
Xeon E5-2650 8C 2GHz,Xeon,,E5-2650,8C,2GHz,95,8,Intel site,
Intel Xeon E5-2650Lv2 10C 1.7GHz,Xeon,,E5-2650Lv2,10C,1.7GHz,70,10,Intel site,
Xeon E5-2650Lv2 10C 1.7GHz,Xeon,,E5-2650Lv2,10C,1.7GHz,70,10,Intel site,
Xeon E5-2650Lv4 14C 1.7GHz,Xeon,,E5-2650Lv4,14C,1.7GHz,65,14,Intel site,
Intel Xeon E5-2650v2  8C 2.600GHz,Xeon,,E5-2650v2,8C,2.600GHz,95,8,Intel site,
Intel Xeon E5-2650v2  8C 2.6GHz,Xeon,,E5-2650v2,8C,2.6GHz,95,8,Intel site,
Intel Xeon E5-2650v2 8C 2.6GHz,Xeon,,E5-2650v2,8C,2.6GHz,95,8,Intel site,
Xeon E5-2650v3 10C 2.3GHz,Xeon,,E5-2650v3,10C,2.3GHz,105,10,Intel site,
Xeon E5-2650v3 10C 2GHz,Xeon,,E5-2650v3,10C,2GHz,105,10,Intel site,
Xeon E5-2650v4 12C 2.2GHz,Xeon,,E5-2650v4,12C,2.2GHz,105,12,Intel site,
Intel Xeon E5-2658v2 10C 2.400GHz,Xeon,,E5-2658v2,10C,2.400GHz,95,10,Intel site,
Intel Xeon E5-2658v2 10C 2.4GHz,Xeon,,E5-2658v2,10C,2.4GHz,95,10,Intel site,
Xeon E5-2660 8C 2.200GHz,Xeon,,E5-2660,8C,2.200GHz,95,8,Intel site,
Xeon E5-2660 8C 2.2GHz,Xeon,,E5-2660,8C,2.2GHz,95,8,Intel site,
Intel Xeon E5-2660v2 10C 2.200GHz,Xeon,,E5-2660v2,10C,2.200GHz,95,10,Intel site,
Intel Xeon E5-2660v2 10C 2.2GHz,Xeon,,E5-2660v2,10C,2.2GHz,95,10,Intel site,
Xeon E5-2660v2 10C 2.2GHz,Xeon,,E5-2660v2,10C,2.2GHz,95,10,Intel site,
Xeon E5-2660v3 10C 2.6GHz,Xeon,,E5-2660v3,10C,2.6GHz,105,10,Intel site,
Xeon E5-2660v4 14C 2GHz,Xeon,,E5-2660v4,14C,2GHz,105,14,Intel site,
Xeon E5-2665 8C 2.400GHz,Xeon,,E5-2665,8C,2.400GHz,115,8,Intel site,
Xeon E5-2665 8C 2.4GHz,Xeon,,E5-2665,8C,2.4GHz,115,5,Intel site,
Xeon E5-2667 6C 2.900GHz,Xeon,,E5-2667,,2.900GHz,130,6,Intel site,
Intel Xeon E5-2667v2 8C 3.3GHz,Xeon,,E5-2667v2,,3.3GHz,130,8,Intel site,
Xeon E5-2667v3 8C 3.2GHz,Xeon,,E5-2667v3,,3.2GHz,135,8,Intel site,
Xeon E5-2667v4 8C 3.2GHz,Xeon,,E5-2667v4,,3.2GHz,135,8,Intel site,
Xeon E5-2670 8C 2.600GHz,Xeon,,E5-2670,,2.600GHz,115,8,Intel site,
Xeon E5-2670 8C 2.6GHz,Xeon,,E5-2670,,2.6GHz,115,8,Intel site,
Intel Xeon E5-2670v2  10C 2.500GHz,Xeon,,E5-2670v2,,2.500GHz,115,10,Intel site,
Intel Xeon E5-2670v2  10C 2.5GHz,Xeon,,E5-2670v2,,2.5GHz,115,10,Intel site,
Intel Xeon E5-2670v2 10C 2.5GHz,Xeon,,E5-2670v2,,2.5GHz,115,10,Intel site,
Xeon E5-2670v3 12C 2.3GHz,Xeon,,E5-2670v3,,2.3GHz,120,12,Intel site,
Intel Xeon E5-2673v2 8C 3.3GHz,Xeon,,E5-2673v2,,3.3GHz,110,8,Intel site,
Xeon E5-2673v2 8C 3.3GHz,Xeon,,E5-2673v2,,3.3GHz,110,8,Intel site,
Xeon E5-2673v3 12C 2.4GHz,Xeon,,E5-2673v3,,2.4GHz,105,12,Intel site,
Xeon E5-2673v4 20C 2.3GHz,Xeon,,E5-2673v4,,2.3GHz,135,20,Intel site,
Xeon E5-2680 8C 2.700GHz,Xeon,,E5-2680,,2.700GHz,130,8,Intel site,
Xeon E5-2680 8C 2.7GHz,Xeon,,E5-2680,,2.7GHz,130,8,Intel site,
Intel Xeon E5-2680v2  10C 2.800GHz,Xeon,,E5-2680v2,,2.800GHz,115,10,Intel site,
Intel Xeon E5-2680v2  10C 2.8GHz,Xeon,,E5-2680v2,,2.8GHz,115,10,Intel site,
Intel Xeon E5-2680v2 10C 2.8GHz,Xeon,,E5-2680v2,,2.8GHz,115,10,Intel site,
Xeon E5-2680v3 12C 2.5GHz,Xeon,,E5-2680v3,,2.5GHz,120,12,Intel site,
Xeon E5-2680v4 14C 2.4GHz,Xeon,,E5-2680v4,,2.4GHz,120,14,Intel site,
Xeon E5-2682v4 16C 2.5GHz,Xeon,,E5-2682v4,,2.5GHz,120,16,Intel site,
Xeon E5-2683 v4  16C 2.1GHz,Xeon,,E5-2683v4,,2.1GHz,120,16,Intel site,
Xeon E5-2683v3 14C 2GHz,Xeon,,E5-2683v3,,2GHz,120,14,Intel site,
Xeon E5-2687W 8C 3.100GHz,Xeon,,E5-2687W,,3.100GHz,150,8,Intel site,
Xeon E5-2690 8C 2.900GHz,Xeon,,E5-2690,8C,2.900GHz,135,8,Intel site,
Xeon E5-2690 8C 2.9GHz,Xeon,,E5-2690,8C,2.9GHz,135,8,Intel site,
Intel Xeon E5-2690v2 10C 3.000GHz,Xeon,,E5-2690v2,10C,3.000GHz,130,10,Intel site,
Intel Xeon E5-2690v2 10C 3GHz,Xeon,,E5-2690v2,10C,3GHz,130,10,Intel site,
Xeon E5-2690v3 12C 2.6GHz,Xeon,,E5-2690v3,12C,2.6GHz,135,12,Intel site,
Xeon E5-2690v4 14C 2.6GHz,Xeon,,E5-2690v4,14C,2.6GHz,135,14,Intel site,
Intel Xeon E5-2692 12C 2.200GHz,Xeon,,E5-2692,12C,2.200GHz,100,12,Intel site,
Intel Xeon E5-2692v2 12C 2.200GHz,Xeon,,E5-2692v2,12C,2.200GHz,100,12,Intel site,
Intel Xeon E5-2692v2 12C 2.2GHz,Xeon,,E5-2692v2,12C,2.2GHz,100,12,Intel site,
Intel Xeon E5-2695v2 12C 2.400GHz,Xeon,,E5-2695v2,12C,2.400GHz,115,12,Intel site,
Intel Xeon E5-2695v2 12C 2.4GHz,Xeon,,E5-2695v2,12C,2.4GHz,115,12,Intel site,
Xeon E5-2695v3 14C 2.3GHz,Xeon,,E5-2695v3,14C,2.3GHz,115,14,Intel site,
Xeon E5-2695v4 18C 2.1GHz,Xeon,,E5-2695v4,18C,2.1GHz,180,18,Intel site,
Xeon E5-2697Av4  16C 2.6GHz,Xeon,,E5-2697Av4,16C,2.6GHz,145,16,Intel site,
Intel Xeon E5-2697v2 12C 2.700GHz,Xeon,,E5-2697v2,12C,2.700GHz,130,12,Intel site,
Intel Xeon E5-2697v2 12C 2.7GHz,Xeon,,E5-2697v2,12C,2.7GHz,130,12,Intel site,
Xeon E5-2697v3 14C 2.6GHz,Xeon,,E5-2697v3,14C,2.6GHz,145,14,Intel site,
Xeon E5-2697v4 18C 2.3GHz,Xeon,,E5-2697v4,18C,2.3GHz,145,18,Intel site,
Xeon E5-2698v3 16C 2.3GHz,Xeon,,E5-2698v3,16C,2.3GHz,135,16,Intel site,
Xeon E5-2698v4 20C 2.2GHz,Xeon,,E5-2698v4,20C,2.2GHz,135,20,Intel site,
Xeon E5-2699v3 18C 2.3GHz,Xeon,,E5-2699v3,18C,2.3GHz,145,18,Intel site,
Xeon E5-2699v4  22C 2.2GHz,Xeon,,E5-2699v4,22C,2.2GHz,145,22,Intel site,
Xeon E5345 4C 2.333GHz,Xeon,,E5345,4C,2.333GHz,80,4,Intel site,
Xeon E5410 4C 2.333GHz,Xeon,,E5410,4C,2.333GHz,80,4,Intel site,
Xeon E5410 4C 2.33GHz,Xeon,,E5410,4C,2.33GHz,80,4,Intel site,
Xeon E5430 4C 2.666GHz,Xeon,,E5430,4C,2.666GHz,80,4,Intel site,
Xeon E54440 4C 2.830GHz,Xeon,,E5440,4C,2.830GHz,80,4,Intel site,
Xeon E5450 4C 3.000GHz,Xeon,,E5450,4C,3.000GHz,80,4,Intel site,
Xeon E5450 4C 3GHz,Xeon,,E5450,4C,3GHz,80,4,Intel site,
Intel Xeon E5-4620v2 8C 2.6GHz,Xeon,,E5-4620v2,8C,2.6GHz,95,8,Intel site,
Intel Xeon E5 v2 12C 2.700GHz,Xeon,,E5-4657L,12C,2.700GHz,115,12,Intel site,
Xeon E5520 4C 2.267GHz,Xeon,,E5520,4C,2.267GHz,80,4,Intel site,
Xeon E5530 4C 2.400GHz,Xeon,,E5530,4C,2.400GHz,80,4,Intel site,
Xeon E5540 4C 2.530GHz,Xeon,,E5540,4C,2.530GHz,80,4,Intel site,
Xeon E5540 4C 2.53GHz,Xeon,,E5540,4C,2.53GHz,80,4,Intel site,
Xeon E5620 4C 2.400GHz,Xeon,,E5620,4C,2.400GHz,80,4,Intel site,
Xeon E5620 4C 2.4GHz,Xeon,,E5620,4C,2.4GHz,80,4,Intel site,
Xeon E5640 4C 2.670GHz,Xeon,,E5640,4C,2.670GHz,80,4,Intel site,
Xeon E5645 6C 2.400GHz,Xeon,,E5645,6C,2.400GHz,80,6,Intel site,
Xeon E5645 6C 2.4GHz,Xeon,,E5645,6C,2.4GHz,80,6,Intel site,
Xeon E5649 6C 2.530GHz,Xeon,,E5649,6C,2.530GHz,80,6,Intel site,
Xeon E5649 6C 2.53GHz,Xeon,,E5649,6C,2.53GHz,80,6,Intel site,
Xeon E7-2860 10C 2.260GHz,Xeon,,E7-2860,10C,2.260GHz,130,10,Intel site,
Xeon E7-4820V2 8C 2GHz,Xeon,,E7-4820V2,8C,2GHz,105,8,Intel site,
Xeon E7-4830 8C 2.13GHz,Xeon,,E7-4830,8C,2.13GHz,105,8,Intel site,
Xeon E7-4830V2 10C 2.2GHz,Xeon,,E7-4830V2,10C,2.2GHz,105,10,Intel site,
Xeon E7-4850V2 12C 2.3GHz,Xeon,,E7-4850V2,12C,2.3GHz,105,12,Intel site,
Xeon E7-4850V3 14C 2.2GHz,Xeon,,E7-4850V3,14C,2.2GHz,115,14,Intel site,
Xeon E7-4850v4 16C 2.1GHz,Xeon,,E7-4850v4,16C,2.1GHz,115,16,Intel site,
Xeon E7-4870 10C 2.400GHz,Xeon,,E7-4870,10C,2.400GHz,130,10,Intel site,
Xeon  E7-8850V2 12C 2.3GHz,Xeon,,E7-8850V2,12C,2.3GHz,105,12,Intel site,
Xeon E7-8860v3  16C 2.2GHz,Xeon,,E7-8860v3,16C,2.2GHz,140,16,Intel site,
Intel Xeon E7-8860v4 18C 2.2GHz,Xeon,,E7-8860v4,18C,2.2GHz,140,18,Intel site,
Xeon E7-8860v4 18C 2.2GHz,Xeon,,E7-8860v4,18C,2.2GHz,140,18,Intel site,
Xeon E7-8867v3  16C 2.5GHz,Xeon,,E7-8867v3,16C,2.5GHz,165,16,Intel site,
Xeon  E7-8870V2 18C 2.1GHz,Xeon,,E7-8870V2,18C,2.1GHz,130,18,Intel site,
Intel Xeon Gold 4214R 12C 2.4GHz,Xeon,Gold,4214R,,2.4GHz,100,12,Intel site,Listed as silver
Intel Xeon Gold 6226 12C 2.7GHz,Xeon,Gold,6226,,2.7GHz,125,12,Intel site,
Intel Xeon Gold 8350C 32C 2.6GHz,Xeon,Gold,8350C,,2.6GHz,205,32,Intel site,Listed as platinum
Xeon L5420 4C 2.500GHz,Xeon,,L5420,4C,2.500GHz,50,4,Intel site,
Xeon L5420 4C 2.5GHz,Xeon,,L5420,4C,2.5GHz,50,4,Intel site,
Xeon L5520 4C 2.260GHz,Xeon,,L5520,4C,2.260GHz,60,4,Intel site,
Xeon L5639 6C 2.130GHz,Xeon,,L5639,6C,2.130GHz,60,6,Intel site,
Xeon L5640 6C 2.260GHz,Xeon,,L5640,6C,2.260GHz,60,6,http://cpudb.stanford.edu/index.html,
Intel Xeon Phi 5120D 60C 1.05GHz,Xeon,Phi,5120D,,1.05GHz,245,60,http://cpudb.stanford.edu/index.html,
Intel Xeon Phi 7120x 61C 1.24GHz,Xeon,Phi,7120x,,1.24GHz,300,61,http://cpudb.stanford.edu/index.html,
Intel Xeon Phi 7210 64C 1.3GHz,Xeon,Phi,7210,,1.3GHz,215,64,http://cpudb.stanford.edu/index.html,
Intel Xeon Phi 7230 64C 1.3GHz,Xeon,Phi,7230,,1.3GHz,215,64,http://cpudb.stanford.edu/index.html,
Intel Xeon Phi 7250 68C 1.4GHz,Xeon,Phi,7250,,1.4GHz,215,68,http://cpudb.stanford.edu/index.html,
Intel Xeon Phi 7250F 68C 1.4GHz,Xeon,Phi,7250F,,1.4GHz,230,68,http://cpudb.stanford.edu/index.html,
Intel Xeon Platinum 8362 32C 2.8GHz,Xeon,Platinum,8362,,2.8GHz,265,32,Intel site,
Intel Xeon Platinum 8462Y+ 32C 2.8GHz,Xeon,Platinum,8462Y+,,2.8GHz,300,32,Intel site,
Intel Xeon Platinum 9242 48C 2.3GHz,Xeon,Platinum,9242,,2.3GHz,350,48,Intel site,
Xeon X5365 4C 3.000GHz,Xeon,,X5365,4C,3.000GHz,150,4,Intel site,
Xeon X5450 4C 3.000GHz,Xeon,,X5450,4C,3.000GHz,120,4,Intel site,
Xeon X5520 4C 2.267GHz,Xeon,,X5520,4C,2.267GHz,80,4,Intel site,
Xeon X5520 4C 2.27GHz,Xeon,,X5520,4C,2.27GHz,80,4,Intel site,
Xeon X5550 4C 2.660GHz,Xeon,,X5550,4C,2.660GHz,95,4,Intel site,
Xeon X5560 4C 2.800GHz,Xeon,,X5560,4C,2.800GHz,95,4,Intel site,
Xeon X5560 4C 2.8GHz,Xeon,,X5560,4C,2.8GHz,95,4,Intel site,
Xeon X5570 4C 2.930GHz,Xeon,,X5570,4C,2.930GHz,95,4,Intel site,
Xeon X5570 4C 2.93GHz,Xeon,,X5570,4C,2.93GHz,95,4,Intel site,
Xeon X5650 6C 2.660GHz,Xeon,,X5650,6C,2.660GHz,95,6,Intel site,
Xeon X5650 6C 2.66GHz,Xeon,,X5650,6C,2.66GHz,95,6,Intel site,
Xeon X5660 6C 2.800GHz,Xeon,,X5660,6C,2.800GHz,95,6,Intel site,
Xeon X5660 6C 2.8GHz,Xeon,,X5660,6C,2.8GHz,95,6,Intel site,
Xeon X5670 6C 2.930GHz,Xeon,,X5670,6C,2.930GHz,95,6,Intel site,
Xeon X5670 6C 2.93GHz,Xeon,,X5670,6C,2.93GHz,95,6,Intel site,
Xeon X5672 4C 3.200GHz,Xeon,,X5672,4C,3.200GHz,95,4,Intel site,
Xeon X5675 6C 3.060GHz,Xeon,,X5675,6C,3.060GHz,95,6,Intel site,
Xeon X5675 6C 3.06GHz,Xeon,,X5675,6C,3.06GHz,95,6,Intel site,
Xeon X5680 6C 3.330GHz,Xeon,,X5680,6C,3.330GHz,130,6,Intel site,
Xeon X5680 6C 3.33GHz,Xeon,,X5680,6C,3.33GHz,130,6,Intel site,
Xeon X5690 6C 3.470GHz,Xeon,,X5690,6C,3.470GHz,130,6,Intel site,
Xeon X5690 6C 3.47GHz,Xeon,,X5690,6C,3.47GHz,130,6,Intel site,
Xeon X7560 8C 2.260GHz,Xeon,,X7560,8C,2.260GHz,130,8,Intel site,
Xeon X7560 8C 2.26GHz,Xeon,,X7560,8C,2.26GHz,130,8,Intel site,
Core i5 4C 2.930GHz,Intel,Core,i5,4C,2.930GHz,95,4,Lacking specific model,
